{
    "loss": 2.7496137619018555,
    "accuracy": 0.8448275923728943
}